Non-Hateful,Gundlupet town in Chamarajanagar district bordering Tamil Nadu on Nilgiri Road wore a festive look as #Congress lea…,Naive Bayes
Non-Hateful,Gundlupet town in Chamarajanagar district bordering Tamil Nadu on Nilgiri Road wore a festive look as #Congress lea…,CNN
Non-Hateful,Gundlupet town in Chamarajanagar district bordering Tamil Nadu on Nilgiri Road wore a festive look as #Congress lea…,Naive Bayes
Non-Hateful,Gundlupet town in Chamarajanagar district bordering Tamil Nadu on Nilgiri Road wore a festive look as #Congress lea…,CNN
Non-Hateful,Gundlupet town in Chamarajanagar district bordering Tamil Nadu on Nilgiri Road wore a festive look as #Congress lea…,Naive Bayes
Non-Hateful,Gundlupet town in Chamarajanagar district bordering Tamil Nadu on Nilgiri Road wore a festive look as #Congress lea…,CNN
Non-Hateful,Gundlupet town in Chamarajanagar district bordering Tamil Nadu on Nilgiri Road wore a festive look as #Congress lea…,Naive Bayes
Non-Hateful,Gundlupet town in Chamarajanagar district bordering Tamil Nadu on Nilgiri Road wore a festive look as #Congress lea…,CNN
Non-Hateful,Gundlupet town in Chamarajanagar district bordering Tamil Nadu on Nilgiri Road wore a festive look as #Congress lea…,Naive Bayes
Non-Hateful,Gundlupet town in Chamarajanagar district bordering Tamil Nadu on Nilgiri Road wore a festive look as #Congress lea…,CNN
Non-Hateful,Gundlupet town in Chamarajanagar district bordering Tamil Nadu on Nilgiri Road wore a festive look as #Congress lea…,Naive Bayes
Non-Hateful,Gundlupet town in Chamarajanagar district bordering Tamil Nadu on Nilgiri Road wore a festive look as #Congress lea…,CNN
Non-Hateful,Gundlupet town in Chamarajanagar district bordering Tamil Nadu on Nilgiri Road wore a festive look as #Congress lea…,Naive Bayes
Non-Hateful,Gundlupet town in Chamarajanagar district bordering Tamil Nadu on Nilgiri Road wore a festive look as #Congress lea…,CNN
Non-Hateful,Gundlupet town in Chamarajanagar district bordering Tamil Nadu on Nilgiri Road wore a festive look as #Congress lea…,Naive Bayes
Non-Hateful,Gundlupet town in Chamarajanagar district bordering Tamil Nadu on Nilgiri Road wore a festive look as #Congress lea…,CNN
